{
  "version": "70800",
  "data": {
    "id": "5fffb071-13da-4521-a494-e5a6b1c1e921",
    "offsetX": -236.42583333333346,
    "offsetY": 192.52249999999992,
    "zoom": 99.41666666666667,
    "gridSize": 15,
    "layers": [
      {
        "id": "3a49680c-ad7a-4fb9-8047-fe85217b3e46",
        "type": "diagram-links",
        "isSvg": true,
        "transformed": true,
        "models": {}
      },
      {
        "id": "a423f071-50cf-4c40-862a-d63646347c88",
        "type": "diagram-nodes",
        "isSvg": false,
        "transformed": true,
        "models": {
          "fb733d92-f393-4fc4-b69a-568e142f1336": {
            "id": "fb733d92-f393-4fc4-b69a-568e142f1336",
            "type": "table",
            "selected": false,
            "x": 45,
            "y": 45,
            "ports": [],
            "name": "Untitled",
            "color": "rgb(0,192,255)",
            "portsInOrder": [],
            "portsOutOrder": [],
            "otherInfo": {
              "data": {
                "columns": [
                  {
                    "name": "userID",
                    "is_primary_key": true,
                    "attnum": 0,
                    "cltype": "integer",
                    "attlen": null,
                    "attprecision": null,
                    "attcompression": "",
                    "collspcname": null,
                    "attnotnull": true,
                    "colconstype": "n",
                    "attidentity": "a",
                    "attoptions": [],
                    "cid": "c59"
                  },
                  {
                    "name": "username",
                    "is_primary_key": false,
                    "attnum": 1,
                    "cltype": "character varying",
                    "attlen": null,
                    "min_val_attlen": 1,
                    "max_val_attlen": 2147483647,
                    "attprecision": null,
                    "attnotnull": true,
                    "colconstype": "n",
                    "attidentity": "a",
                    "attoptions": [],
                    "cid": "c60"
                  },
                  {
                    "name": "email",
                    "is_primary_key": false,
                    "attnum": 2,
                    "cltype": "character varying",
                    "attlen": null,
                    "min_val_attlen": 1,
                    "max_val_attlen": 2147483647,
                    "attprecision": null,
                    "attnotnull": true,
                    "colconstype": "n",
                    "attidentity": "a",
                    "attoptions": [],
                    "cid": "c61"
                  },
                  {
                    "name": "password",
                    "is_primary_key": false,
                    "attnum": 3,
                    "cltype": "character varying",
                    "attlen": "8",
                    "min_val_attlen": 1,
                    "max_val_attlen": 2147483647,
                    "attprecision": null,
                    "attnotnull": true,
                    "colconstype": "n",
                    "attidentity": "a",
                    "attoptions": [],
                    "cid": "c62"
                  },
                  {
                    "name": "ISBN",
                    "is_primary_key": true,
                    "attnum": 4,
                    "cltype": "character varying",
                    "attlen": "13",
                    "min_val_attlen": 1,
                    "max_val_attlen": 2147483647,
                    "attprecision": null,
                    "attnotnull": true,
                    "colconstype": "n",
                    "attidentity": "a",
                    "attoptions": [],
                    "cid": "c63"
                  },
                  {
                    "name": "bookTitle",
                    "is_primary_key": false,
                    "attnum": 5,
                    "cltype": "character varying",
                    "attlen": null,
                    "min_val_attlen": 1,
                    "max_val_attlen": 2147483647,
                    "attprecision": null,
                    "attnotnull": true,
                    "colconstype": "n",
                    "attidentity": "a",
                    "attoptions": [],
                    "cid": "c64"
                  },
                  {
                    "name": "bookAuthor",
                    "is_primary_key": false,
                    "attnum": 6,
                    "cltype": "character varying",
                    "attlen": null,
                    "min_val_attlen": 1,
                    "max_val_attlen": 2147483647,
                    "attprecision": null,
                    "attnotnull": false,
                    "colconstype": "n",
                    "attidentity": "a",
                    "attoptions": [],
                    "cid": "c65"
                  },
                  {
                    "name": "bookSubject",
                    "is_primary_key": false,
                    "attnum": 7,
                    "cltype": "character varying",
                    "attlen": null,
                    "min_val_attlen": 1,
                    "max_val_attlen": 2147483647,
                    "attprecision": null,
                    "attnotnull": false,
                    "colconstype": "n",
                    "attidentity": "a",
                    "attoptions": [],
                    "cid": "c66"
                  },
                  {
                    "name": "classTaught",
                    "is_primary_key": false,
                    "attnum": 8,
                    "cltype": "character varying",
                    "attlen": null,
                    "min_val_attlen": 1,
                    "max_val_attlen": 2147483647,
                    "attprecision": null,
                    "attnotnull": false,
                    "colconstype": "n",
                    "attidentity": "a",
                    "attoptions": [],
                    "cid": "c67"
                  },
                  {
                    "name": "bookEdition",
                    "is_primary_key": false,
                    "attnum": 9,
                    "cltype": "character varying",
                    "attlen": null,
                    "min_val_attlen": 1,
                    "max_val_attlen": 2147483647,
                    "attprecision": null,
                    "attnotnull": false,
                    "colconstype": "n",
                    "attidentity": "a",
                    "attoptions": [],
                    "cid": "c68"
                  },
                  {
                    "name": "remarks",
                    "is_primary_key": false,
                    "attnum": 10,
                    "cltype": "character varying",
                    "attlen": null,
                    "min_val_attlen": 1,
                    "max_val_attlen": 2147483647,
                    "attprecision": null,
                    "attnotnull": true,
                    "colconstype": "n",
                    "attidentity": "a",
                    "attoptions": [],
                    "cid": "c69"
                  },
                  {
                    "name": "condition",
                    "is_primary_key": false,
                    "attnum": 11,
                    "cltype": "integer",
                    "attlen": null,
                    "attprecision": null,
                    "attcompression": "",
                    "collspcname": null,
                    "attnotnull": true,
                    "colconstype": "n",
                    "attidentity": "a",
                    "attoptions": [],
                    "cid": "c70"
                  },
                  {
                    "name": "stock",
                    "is_primary_key": false,
                    "attnum": 12,
                    "cltype": "integer",
                    "attlen": null,
                    "attprecision": null,
                    "attcompression": "",
                    "collspcname": null,
                    "attnotnull": true,
                    "colconstype": "n",
                    "attidentity": "a",
                    "attoptions": [],
                    "cid": "c71"
                  },
                  {
                    "name": "transactionDate",
                    "is_primary_key": false,
                    "attnum": 13,
                    "cltype": "date",
                    "attlen": null,
                    "attprecision": null,
                    "attcompression": "",
                    "collspcname": null,
                    "attnotnull": true,
                    "colconstype": "n",
                    "attidentity": "a",
                    "attoptions": [],
                    "cid": "c72"
                  }
                ],
                "name": "Book Bank",
                "coll_inherits": [],
                "hastoasttable": true,
                "toast_autovacuum_enabled": "x",
                "autovacuum_enabled": "x",
                "primary_key": [
                  {
                    "columns": [
                      { "column": "userID", "cid": "c57" },
                      { "column": "ISBN", "cid": "c58" }
                    ],
                    "include": [],
                    "cid": "c56"
                  }
                ],
                "foreign_key": [],
                "partition_keys": [],
                "partitions": [],
                "partition_type": "range",
                "is_partitioned": false,
                "schema": "public"
              },
              "note": "",
              "metadata": {
                "data_failed": false,
                "is_promise": false,
                "fillColor": null,
                "textColor": null
              }
            }
          },
          "48409b37-6577-46ae-acd2-2f1460d57ddb": {
            "id": "48409b37-6577-46ae-acd2-2f1460d57ddb",
            "type": "table",
            "selected": false,
            "x": 390,
            "y": 75,
            "ports": [],
            "name": "Untitled",
            "color": "rgb(0,192,255)",
            "portsInOrder": [],
            "portsOutOrder": [],
            "otherInfo": {
              "data": {
                "name": "Book",
                "coll_inherits": [],
                "hastoasttable": true,
                "toast_autovacuum_enabled": "x",
                "autovacuum_enabled": "x",
                "primary_key": [
                  {
                    "columns": [
                      { "column": "userID", "cid": "c213" },
                      { "column": "ISBN", "cid": "c214" }
                    ],
                    "include": [],
                    "cid": "c212"
                  }
                ],
                "foreign_key": [],
                "partition_keys": [],
                "partitions": [],
                "partition_type": "range",
                "is_partitioned": false,
                "columns": [
                  {
                    "name": "userID",
                    "is_primary_key": true,
                    "attnum": 0,
                    "cltype": "integer",
                    "attlen": null,
                    "attprecision": null,
                    "attcompression": "",
                    "collspcname": null,
                    "attnotnull": true,
                    "colconstype": "n",
                    "attidentity": "a",
                    "attoptions": [],
                    "cid": "c215"
                  },
                  {
                    "name": "username",
                    "is_primary_key": false,
                    "attnum": 1,
                    "cltype": "character varying",
                    "attlen": null,
                    "min_val_attlen": 1,
                    "max_val_attlen": 2147483647,
                    "attprecision": null,
                    "attnotnull": true,
                    "colconstype": "n",
                    "attidentity": "a",
                    "attoptions": [],
                    "cid": "c216"
                  },
                  {
                    "name": "email",
                    "is_primary_key": false,
                    "attnum": 2,
                    "cltype": "character varying",
                    "attlen": null,
                    "min_val_attlen": 1,
                    "max_val_attlen": 2147483647,
                    "attprecision": null,
                    "attnotnull": true,
                    "colconstype": "n",
                    "attidentity": "a",
                    "attoptions": [],
                    "cid": "c217"
                  },
                  {
                    "name": "password",
                    "is_primary_key": false,
                    "attnum": 3,
                    "cltype": "character varying",
                    "attlen": "8",
                    "min_val_attlen": 1,
                    "max_val_attlen": 2147483647,
                    "attprecision": null,
                    "attnotnull": true,
                    "colconstype": "n",
                    "attidentity": "a",
                    "attoptions": [],
                    "cid": "c218"
                  },
                  {
                    "name": "ISBN",
                    "is_primary_key": true,
                    "attnum": 4,
                    "cltype": "character varying",
                    "attlen": "13",
                    "min_val_attlen": 1,
                    "max_val_attlen": 2147483647,
                    "attprecision": null,
                    "attnotnull": true,
                    "colconstype": "n",
                    "attidentity": "a",
                    "attoptions": [],
                    "cid": "c219"
                  },
                  {
                    "name": "bookTitle",
                    "is_primary_key": false,
                    "attnum": 5,
                    "cltype": "character varying",
                    "attlen": null,
                    "min_val_attlen": 1,
                    "max_val_attlen": 2147483647,
                    "attprecision": null,
                    "attnotnull": true,
                    "colconstype": "n",
                    "attidentity": "a",
                    "attoptions": [],
                    "cid": "c220"
                  },
                  {
                    "name": "bookAuthor",
                    "is_primary_key": false,
                    "attnum": 6,
                    "cltype": "character varying",
                    "attlen": null,
                    "min_val_attlen": 1,
                    "max_val_attlen": 2147483647,
                    "attprecision": null,
                    "attnotnull": false,
                    "colconstype": "n",
                    "attidentity": "a",
                    "attoptions": [],
                    "cid": "c221"
                  },
                  {
                    "name": "bookSubject",
                    "is_primary_key": false,
                    "attnum": 7,
                    "cltype": "character varying",
                    "attlen": null,
                    "min_val_attlen": 1,
                    "max_val_attlen": 2147483647,
                    "attprecision": null,
                    "attnotnull": false,
                    "colconstype": "n",
                    "attidentity": "a",
                    "attoptions": [],
                    "cid": "c222"
                  },
                  {
                    "name": "classTaught",
                    "is_primary_key": false,
                    "attnum": 8,
                    "cltype": "character varying",
                    "attlen": null,
                    "min_val_attlen": 1,
                    "max_val_attlen": 2147483647,
                    "attprecision": null,
                    "attnotnull": false,
                    "colconstype": "n",
                    "attidentity": "a",
                    "attoptions": [],
                    "cid": "c223"
                  },
                  {
                    "name": "bookEdition",
                    "is_primary_key": false,
                    "attnum": 9,
                    "cltype": "character varying",
                    "attlen": null,
                    "min_val_attlen": 1,
                    "max_val_attlen": 2147483647,
                    "attprecision": null,
                    "attnotnull": false,
                    "colconstype": "n",
                    "attidentity": "a",
                    "attoptions": [],
                    "cid": "c224"
                  },
                  {
                    "name": "remarks",
                    "is_primary_key": false,
                    "attnum": 10,
                    "cltype": "character varying",
                    "attlen": null,
                    "min_val_attlen": 1,
                    "max_val_attlen": 2147483647,
                    "attprecision": null,
                    "attnotnull": true,
                    "colconstype": "n",
                    "attidentity": "a",
                    "attoptions": [],
                    "cid": "c225"
                  }
                ],
                "schema": "public"
              },
              "note": "",
              "metadata": {
                "data_failed": false,
                "is_promise": false,
                "fillColor": null,
                "textColor": null
              }
            }
          },
          "44572997-c5eb-43db-a1a0-26963cacc274": {
            "id": "44572997-c5eb-43db-a1a0-26963cacc274",
            "type": "table",
            "selected": false,
            "x": 585,
            "y": 75,
            "ports": [],
            "name": "Untitled",
            "color": "rgb(0,192,255)",
            "portsInOrder": [],
            "portsOutOrder": [],
            "otherInfo": {
              "data": {
                "name": "Book Details",
                "coll_inherits": [],
                "hastoasttable": true,
                "toast_autovacuum_enabled": "x",
                "autovacuum_enabled": "x",
                "primary_key": [],
                "foreign_key": [],
                "partition_keys": [],
                "partitions": [],
                "partition_type": "range",
                "is_partitioned": false,
                "columns": [
                  {
                    "name": "ISBN",
                    "is_primary_key": false,
                    "attnum": 0,
                    "cltype": "character varying",
                    "attlen": "13",
                    "min_val_attlen": 1,
                    "max_val_attlen": 2147483647,
                    "attprecision": null,
                    "attnotnull": true,
                    "colconstype": "n",
                    "attidentity": "a",
                    "attoptions": [],
                    "cid": "c195"
                  },
                  {
                    "name": "bookCondition",
                    "is_primary_key": false,
                    "attnum": 1,
                    "cltype": "integer",
                    "attlen": null,
                    "attprecision": null,
                    "attcompression": "",
                    "collspcname": null,
                    "attnotnull": true,
                    "colconstype": "n",
                    "attidentity": "a",
                    "attoptions": [],
                    "cid": "c196"
                  },
                  {
                    "name": "stock",
                    "is_primary_key": false,
                    "attnum": 2,
                    "cltype": "integer",
                    "attlen": null,
                    "attprecision": null,
                    "attcompression": "",
                    "collspcname": null,
                    "attnotnull": true,
                    "colconstype": "n",
                    "attidentity": "a",
                    "attoptions": [],
                    "cid": "c197"
                  }
                ],
                "schema": "public"
              },
              "note": "",
              "metadata": {
                "data_failed": false,
                "is_promise": false,
                "fillColor": null,
                "textColor": null
              }
            }
          },
          "dc870796-e7d0-4ad9-a8a8-87537c1b7c63": {
            "id": "dc870796-e7d0-4ad9-a8a8-87537c1b7c63",
            "type": "table",
            "selected": false,
            "x": 780,
            "y": 75,
            "ports": [],
            "name": "Untitled",
            "color": "rgb(0,192,255)",
            "portsInOrder": [],
            "portsOutOrder": [],
            "otherInfo": {
              "data": {
                "columns": [
                  {
                    "name": "ISBN",
                    "is_primary_key": false,
                    "attnum": 0,
                    "cltype": "character varying",
                    "attlen": "13",
                    "min_val_attlen": 1,
                    "max_val_attlen": 2147483647,
                    "attprecision": null,
                    "attnotnull": true,
                    "colconstype": "n",
                    "attidentity": "a",
                    "attoptions": [],
                    "cid": "c178"
                  },
                  {
                    "name": "bookCondition",
                    "is_primary_key": false,
                    "attnum": 1,
                    "cltype": "integer",
                    "attlen": null,
                    "attprecision": null,
                    "attcompression": "",
                    "collspcname": null,
                    "attnotnull": true,
                    "colconstype": "n",
                    "attidentity": "a",
                    "attoptions": [],
                    "cid": "c179"
                  },
                  {
                    "name": "userID",
                    "is_primary_key": false,
                    "attnum": 3,
                    "cltype": "integer",
                    "attlen": null,
                    "attprecision": null,
                    "attcompression": "",
                    "collspcname": null,
                    "attnotnull": true,
                    "colconstype": "n",
                    "attidentity": "a",
                    "attoptions": [],
                    "cid": "c181"
                  },
                  {
                    "name": "transactionDate",
                    "is_primary_key": false,
                    "attnum": 2,
                    "cltype": "date",
                    "attlen": null,
                    "attprecision": null,
                    "attcompression": "",
                    "collspcname": null,
                    "attnotnull": true,
                    "colconstype": "n",
                    "attidentity": "a",
                    "attoptions": [],
                    "cid": "c180"
                  }
                ],
                "name": "Transaction",
                "coll_inherits": [],
                "hastoasttable": true,
                "toast_autovacuum_enabled": "x",
                "autovacuum_enabled": "x",
                "primary_key": [],
                "foreign_key": [],
                "partition_keys": [],
                "partitions": [],
                "partition_type": "range",
                "is_partitioned": false,
                "schema": "public"
              },
              "note": "",
              "metadata": {
                "data_failed": false,
                "is_promise": false,
                "fillColor": null,
                "textColor": null
              }
            }
          },
          "3633bd68-2671-413d-9248-7008ea04ab97": {
            "id": "3633bd68-2671-413d-9248-7008ea04ab97",
            "type": "table",
            "selected": false,
            "x": 1125,
            "y": 75,
            "ports": [],
            "name": "Untitled",
            "color": "rgb(0,192,255)",
            "portsInOrder": [],
            "portsOutOrder": [],
            "otherInfo": {
              "data": {
                "columns": [
                  {
                    "name": "userID",
                    "is_primary_key": true,
                    "attnum": 0,
                    "cltype": "integer",
                    "attlen": null,
                    "attprecision": null,
                    "attcompression": "",
                    "collspcname": null,
                    "attnotnull": false,
                    "colconstype": "n",
                    "attidentity": "a",
                    "attoptions": [],
                    "cid": "c282"
                  },
                  {
                    "name": "username",
                    "is_primary_key": false,
                    "attnum": 1,
                    "cltype": "character varying",
                    "attlen": null,
                    "min_val_attlen": 1,
                    "max_val_attlen": 2147483647,
                    "attprecision": null,
                    "attnotnull": true,
                    "colconstype": "n",
                    "attidentity": "a",
                    "attoptions": [],
                    "cid": "c283"
                  },
                  {
                    "name": "email",
                    "is_primary_key": false,
                    "attnum": 2,
                    "cltype": "character varying",
                    "attlen": null,
                    "min_val_attlen": 1,
                    "max_val_attlen": 2147483647,
                    "attprecision": null,
                    "attnotnull": true,
                    "colconstype": "n",
                    "attidentity": "a",
                    "attoptions": [],
                    "cid": "c284"
                  },
                  {
                    "name": "password",
                    "is_primary_key": false,
                    "attnum": 3,
                    "cltype": "character varying",
                    "attlen": "8",
                    "min_val_attlen": 1,
                    "max_val_attlen": 2147483647,
                    "attprecision": null,
                    "attnotnull": true,
                    "colconstype": "n",
                    "attidentity": "a",
                    "attoptions": [],
                    "cid": "c285"
                  }
                ],
                "name": "User",
                "coll_inherits": [],
                "hastoasttable": true,
                "toast_autovacuum_enabled": "x",
                "autovacuum_enabled": "x",
                "primary_key": [
                  { "columns": [{ "column": "userID" }], "include": [] }
                ],
                "foreign_key": [],
                "partition_keys": [],
                "partitions": [],
                "partition_type": "range",
                "is_partitioned": false,
                "schema": "public"
              },
              "note": "",
              "metadata": {
                "data_failed": false,
                "is_promise": false,
                "fillColor": null,
                "textColor": null
              }
            }
          }
        }
      }
    ]
  }
}
