﻿ISBN,userID,title,author,subject,class,edition,remarks
978-0451524935,1,To Kill a Mockingbird,Harper Lee,Fiction,ENG101,1st,"Good condition, paperback"
978-0061120084,1,1984,George Orwell,Dystopian Fiction,POL101,3rd,"Hardcover, like new"
978-0141187761,2,One Hundred Years of Solitude,Gabriel Garcia Marquez,Magical Realism,SPN201,2nd,"Used, annotations present"
978-0735219090,3,Educated: A Memoir,Tara Westover,Autobiography,BIO301,1st,Excellent condition
978-0066620992,4,The Da Vinci Code,Dan Brown,Mystery,ART202,4th,"Paperback, spine creased"
978-1400033416,5,The Kite Runner,Khaled Hosseini,Historical Fiction,HIS401,2nd,"Good condition, hardcover"
978-0812993547,3,Sapiens: A Brief History of Humankind,Yuval Noah Harari,Anthropology,ANT101,5th,"Like new, no markings"
978-0544003415,6,The Hobbit,J.R.R. Tolkien,Fantasy,LIT201,3rd,"Hardcover, with maps"
978-0345545964,7,The Girl on the Train,Paula Hawkins,Thriller,PSY301,2nd,"Used, some highlighting"
978-0671027346,8,The Catcher in the Rye,J.D. Salinger,Coming-of-Age Fiction,ENG102,1st,"Paperback, worn cover"
978-0385490814,9,The Alchemist,Paulo Coelho,Philosophy,PHI201,4th,"Excellent condition, inspirational"
978-0062315007,9,Gone Girl,Gillian Flynn,Psychological Thriller,PSY302,3rd,"Hardcover, slight water damage"
978-0316769480,10,The Great Gatsby,F. Scott Fitzgerald,Classic Literature,ENG202,2nd,"Like new, annotated"
978-0452284234,5,Freakonomics: A Rogue Economist Explores the Hidden Side of Everything,"Steven D. Levitt, Stephen J. Dubner",Economics,ECO101,5th,"Paperback, good condition"
978-0064407663,8,Matilda,Roald Dahl,Children's Literature,EDU202,1st,"Hardcover, illustrated edition"
